Title,Filename,Slug,Summary,Category,Difficulty,Hero Image,Status,Read Time,Last Modified
Choosing the Right Type of Will,choosing-the-right-type-of-will.md,choosing-the-right-type-of-will,Not all wills are the same. This guide explains the different types and helps you decide which one suits your situation.,Guides,Beginner,,published,8 min read,2026-01-07 14:57:27
Estate Planning for Blended Families,estate-planning-for-blended-families.md,estate-planning-for-blended-families,"""Stepchildren, ex-spouses, and complex family dynamics require careful planning. Learn how to protect everyone you love while avoiding common pitfalls.""",Guides,Intermediate,,published,15 min read,2026-01-09 17:04:12
Estate Planning for Business Owners,estate-planning-for-business-owners.md,estate-planning-for-business-owners,Your business is more than an asset - it's your legacy. Learn how to protect it and ensure smooth succession.,Guides,Intermediate,,published,14 min read,2026-01-07 14:57:27
Estate Planning for Single Parents,estate-planning-for-single-parents.md,estate-planning-for-single-parents,"""As a single parent, you're the safety net. Learn how to protect your children if something happens to you.""",Guides,Beginner,,published,10 min read,2026-01-07 14:57:27
How to Choose the Right Executor,how-to-choose-the-right-executor.md,how-to-choose-the-right-executor,"""Your executor will manage everything after you're gone. Choose the wrong person and you're setting your family up for conflict, delays, and unnecessary costs.""",Guides,Beginner,,published,10 min read,2026-01-07 14:57:27
How to Protect Your Children or Grandchildren from Will Contests and Untrustworthy Partners,protecting-your-beneficiaries.md,protecting-your-beneficiaries,"""Many people worry less about who they leave assets to, and more about what happens after. Learn how to protect your beneficiaries from contested wills, controlling partners, and inheritance risks.""",Guides,Intermediate,/images/guides/protecting-beneficiaries.jpg,published,12 min read,2026-01-09 16:03:57
Understanding Probate,understanding-probate.md,understanding-probate,"""What happens after someone dies? A clear explanation of the probate process, when it's required, and how long it takes in Australia.""",Guides,Intermediate,,published,12 min read,2026-01-07 14:57:27
What Your Will Doesn't Cover,what-your-will-doesnt-cover.md,what-your-will-doesnt-cover,A will is just one piece of the estate planning puzzle. Learn what assets and decisions fall outside your will and how to protect them.,Guides,Intermediate,,published,12 min read,2026-01-07 14:57:27
When to Update Your Will,when-to-update-your-will.md,when-to-update-your-will,Life changes constantly. Learn which events trigger a will review and how to keep your estate plan current.,Guides,Beginner,,published,8 min read,2026-01-07 14:57:27
Who Do You Really Trust?,who-do-you-really-trust.md,who-do-you-really-trust,"""Choosing the right people for your will isn't about love â€” it's about capability, reliability, and difficult honest conversations.""",Guides,,,published,8 min read,2026-01-07 14:57:27
Will Dispute Case Studies: Lessons from the Courts,will-dispute-case-studies.md,will-dispute-case-studies,"""Analysis of recent court cases involving will challenges across Australia, New Zealand, UK, and Canada. Learn what works, what doesn't, and how courts actually decide these disputes.""",Guides,Advanced,,published,30 min read,2026-01-07 14:57:27
