Filename,Location,Purpose,Dimensions,File Size (KB),Last Modified
YOURWILLPRO BRAND ASSETS.png,root,general,1x1,149.75,2026-01-02 22:35:12
YOURWILLPRO BRAND GUIDELINES.png,root,general,1024x1536,1448.24,2026-01-02 22:30:02
brother-in-law-left-nothing.png,root,general,1536x1024,1790.64,2026-01-05 10:18:35
dictionary.png,root,general,1536x1024,2546.12,2026-01-07 12:24:43
she-did-a-good-job.png,root,general,1536x1024,1894.94,2026-01-05 10:08:32
hero-dictionary-lg.webp,hero,hero,400x500,46.99,2026-01-07 12:32:33
hero-guides-lg.webp,hero,hero,400x500,18.65,2026-01-07 14:08:23
hero-questions-lg.webp,hero,hero,400x500,18.48,2026-01-07 14:19:32
hero-stories-lg.webp,hero,hero,400x500,28.57,2026-01-07 14:49:54
hero-tools-lg.webp,hero,hero,400x500,30.54,2026-01-07 14:41:13
ywp-logo-trans.png,logo,logo,332x124,44.92,2026-01-07 15:59:40
ywp-logo.png,logo,logo,332x124,45.06,2026-01-07 15:55:01
og-default.png,og,og,1200x630,37.21,2026-01-07 18:15:10
explore-1.png,ui,ui,1536x1024,1784.1,2026-01-04 01:57:04
explore-2.png,ui,ui,1024x698,1262.29,2026-01-02 17:51:44
explore-3.png,ui,ui,1536x1024,2320.12,2026-01-02 17:51:44
explore-4.png,ui,ui,1536x1024,2369.0,2026-01-02 17:51:44
explore-5.png,ui,ui,1536x1024,2067.11,2026-01-02 17:51:44
explore-6.png,ui,ui,1536x1024,2718.03,2026-01-02 17:51:44
featured-1.png,ui,ui,1536x1024,2167.25,2025-12-31 11:03:45
gallery-1.png,ui,ui,1536x1024,2243.26,2026-01-02 17:51:44
gallery-2.png,ui,ui,1536x1024,1962.09,2026-01-02 17:51:44
gallery-3.png,ui,ui,1536x1024,1839.81,2026-01-02 17:53:52
gallery-4.png,ui,ui,1536x1024,1850.82,2026-01-07 15:42:05
stats-1.png,ui,ui,1536x1024,1850.82,2026-01-07 15:42:05
stats-2.png,ui,ui,1536x1024,2895.88,2026-01-08 11:22:22
stats-3.png,ui,ui,1536x1024,1813.41,2026-01-08 11:48:37
stats-4.png,ui,ui,1536x1024,2320.12,2026-01-02 17:51:44
